{
  "model_version": "ml_trade_brain_v1",
  "evaluation": {
    "accuracy": 0.47058823529411764,
    "precision": 0.2,
    "recall": 0.16666666666666666,
    "threshold": 0.6,
    "approved_trade_count": 2,
    "rejected_trade_count": 15,
    "approved_trade_win_rate": 0.5,
    "false_rejects": 5,
    "good_rejects": 10,
    "profit_factor_before_ml": 0.8250540414926271,
    "profit_factor_after_ml": 1.4918345430307014,
    "expectancy_before_ml": -0.3299141176470792,
    "expectancy_after_ml": 0.2656300000000158,
    "average_r_before_ml": -0.11764705882352594,
    "average_r_after_ml": 0.2500000000000132
  },
  "rows": 56
}